"Id","Category","Scenario","Status","Details","BaseUrl","At"
"MT-00-01","Auth","Empresa A admin login","PASS","admin@restbar.com","http://localhost:5001","2026-07-28T19:54:32"
"MT-00-02","Auth","Empresa B admin login","PASS","admin.b@restbar.com","http://localhost:5001","2026-07-28T19:54:32"
"MT-00-03","Auth","Sucursal Norte (A) admin login","PASS","admin.norte@restbar.com","http://localhost:5001","2026-07-28T19:54:32"
"MT-00-04","Auth","Costa admin login","PASS","admin@costa.restbar.com","http://localhost:5001","2026-07-28T19:54:32"
"MT-00-05","Auth","Norte (3-co) admin login","PASS","admin@norte.restbar.com","http://localhost:5001","2026-07-28T19:54:32"
"MT-00-06","Auth","Sur admin login","PASS","admin@sur.restbar.com","http://localhost:5001","2026-07-28T19:54:32"
"MT-00-07","Auth","SuperAdmin login","PASS","superadmin@restbar.com","http://localhost:5001","2026-07-28T19:54:32"
"MT-00-08","Auth","Usuario inexistente NO entra","PASS","","http://localhost:5001","2026-07-28T19:54:32"
"MT-00-09","Auth","Roles Costa (mesero/cajero/chef)","PASS","","http://localhost:5001","2026-07-28T19:54:32"
"MT-01-01","Isolation","Mesas Empresa A != Empresa B (IDs)","PASS","A=32 B=1 overlap=0","http://localhost:5001","2026-07-28T19:54:33"
"MT-01-02","Isolation","Mesas Costa != Norte (IDs)","PASS","C=10 N=10 overlap=0","http://localhost:5001","2026-07-28T19:54:33"
"MT-01-03","Isolation","Mesas Costa != Sur (IDs)","PASS","S=15 overlap=0","http://localhost:5001","2026-07-28T19:54:33"
"MT-01-04","Isolation","Mesas Norte != Sur (IDs)","PASS","overlap=0","http://localhost:5001","2026-07-28T19:54:33"
"MT-01-05","Isolation","Centro (A) != Sucursal Norte (IDs)","PASS","Centro=32 Norte=1 overlap=0","http://localhost:5001","2026-07-28T19:54:33"
"MT-01-06","Isolation","Prefijos de mesa coherentes Costa/Norte/Sur","PASS","Costa=C-08,C-10,C-02,C-03,C-04,C-07,C-06,C-09,C-01,C-05 Norte=NM-06,NM-07,NM-08,NM-09,NM-10,NM-02,NM-03,NM-04,NM-01,NM-05 Sur=S-01,S-03,S-04,S-05,S-06,S-07,S-08,S-09,S-11,S-12,S-14,S-15,S-02,S-13,S-10","http://localhost:5001","2026-07-28T19:54:33"
"MT-02-01","Catalog","A NO ve Producto Exclusivo B","PASS","","http://localhost:5001","2026-07-28T19:54:33"
"MT-02-02","Catalog","B SI ve Producto Exclusivo B","PASS","","http://localhost:5001","2026-07-28T19:54:33"
"MT-02-03","Catalog","Costa ve exclusivo Costa","PASS","","http://localhost:5001","2026-07-28T19:54:33"
"MT-02-04","Catalog","Norte NO ve exclusivo Costa","PASS","","http://localhost:5001","2026-07-28T19:54:34"
"MT-02-05","Catalog","Sur NO ve exclusivo Norte","PASS","","http://localhost:5001","2026-07-28T19:54:34"
"MT-02-06","Catalog","Norte ve exclusivo Norte","PASS","","http://localhost:5001","2026-07-28T19:54:34"
"MT-02-07","Catalog","Sur ve exclusivo Sur","PASS","","http://localhost:5001","2026-07-28T19:54:35"
"MT-02-08","Catalog","Costa NO ve exclusivo Sur","PASS","","http://localhost:5001","2026-07-28T19:54:35"
"MT-03-01","ParallelOps","Empresa A crea orden en su mesa","PASS","order=1a14b010-88a4-470c-b1ee-2604931ed2c7 table=T-04","http://localhost:5001","2026-07-28T19:54:39"
"MT-03-02","ParallelOps","Empresa B crea orden en su mesa","PASS","order=4e35d0f7-c9a5-4180-ad26-6ebc36118713 table=B-01","http://localhost:5001","2026-07-28T19:54:39"
"MT-03-03","ParallelOps","A no ve orden activa de mesa B","PASS","status=403","http://localhost:5001","2026-07-28T19:54:39"
"MT-03-04","ParallelOps","B no ve orden activa de mesa A","PASS","","http://localhost:5001","2026-07-28T19:54:39"
"MT-04-01","Security","B no lee summary pago de orden A","PASS","status=403","http://localhost:5001","2026-07-28T19:54:39"
"MT-04-02","Security","B no puede pagar orden A","PASS","status=403","http://localhost:5001","2026-07-28T19:54:39"
"MT-04-03","Security","B no puede cancelar orden A","PASS","status=403","http://localhost:5001","2026-07-28T19:54:39"
"MT-04-04","Security","A no puede pagar orden B","PASS","status=403","http://localhost:5001","2026-07-28T19:54:39"
"MT-04-05","Security","Costa crea orden para IDOR","PASS","57acf87e-5ac6-46c7-b3af-9e878489e1a1","http://localhost:5001","2026-07-28T19:54:40"
"MT-04-06","Security","Norte no paga orden Costa","PASS","status=403","http://localhost:5001","2026-07-28T19:54:40"
"MT-04-07","Security","Norte no cancela orden Costa","PASS","status=403","http://localhost:5001","2026-07-28T19:54:40"
"MT-04-08","Security","Norte no lee orden mesa Costa","PASS","status=403","http://localhost:5001","2026-07-28T19:54:40"
"MT-05-01","TableChange","A no mueve orden a mesa de B","PASS","status=400","http://localhost:5001","2026-07-28T19:54:40"
"MT-05-02","TableChange","Costa no mueve orden a mesa Norte","PASS","status=403","http://localhost:5001","2026-07-28T19:54:40"
"MT-06-01","Roles","Mesero Costa denegado Company admin","PASS","","http://localhost:5001","2026-07-28T19:54:40"
"MT-06-02","Roles","Mesero Costa puede POS Order","PASS","","http://localhost:5001","2026-07-28T19:54:40"
"MT-06-03","Roles","Chef Costa denegado Reports","PASS","","http://localhost:5001","2026-07-28T19:54:40"
"MT-06-04","Roles","Mesero A denegado Company","PASS","","http://localhost:5001","2026-07-28T19:54:41"
"MT-06-05","Roles","SuperAdmin accede SuperAdmin","PASS","","http://localhost:5001","2026-07-28T19:54:41"
"MT-07-A","SalesFlow","Flujo pago A","PASS","order=c65c96d4-9a8e-4bb0-b23c-3140a57e5beb status=200 amt=1.2500","http://localhost:5001","2026-07-28T19:54:43"
"MT-07-B","SalesFlow","Flujo pago B","PASS","order=5215b8d7-c60b-4e9d-aa18-33bf1deed481 status=200 amt=99.9900","http://localhost:5001","2026-07-28T19:54:44"
"MT-07-Costa","SalesFlow","Flujo pago Costa","PASS","order=7da6f748-17e7-4c96-ad3c-a5e78c00c016 status=200 amt=4.0000","http://localhost:5001","2026-07-28T19:54:45"
"MT-07-Norte","SalesFlow","Flujo pago Norte","PASS","order=f9f321ba-e95b-4944-9144-0b6e1680024b status=200 amt=4.0000","http://localhost:5001","2026-07-28T19:54:47"
"MT-07-Sur","SalesFlow","Flujo pago Sur","PASS","order=3c46d6c9-02d4-4fbc-b37b-5b08af156217 status=200 amt=4.0000","http://localhost:5001","2026-07-28T19:54:48"
"MT-08-01","BranchIsolation","Norte NO paga orden Centro (misma empresa)","PASS","status=403","http://localhost:5001","2026-07-28T19:54:50"
"MT-08-02","BranchIsolation","Norte NO cancela orden Centro","PASS","status=403","http://localhost:5001","2026-07-28T19:54:50"
"MT-09-01","Security","Pago a orderId falso -> 404/403","PASS","status=404","http://localhost:5001","2026-07-28T19:54:50"
"MT-09-02","Security","GetActiveOrder mesa falsa no filtra datos","PASS","status=403","http://localhost:5001","2026-07-28T19:54:51"
